timeStamp,elapsed,label,responseCode,responseMessage,threadName,dataType,success,failureMessage,bytes,sentBytes,grpThreads,allThreads,URL,Latency,IdleTime,Connect
1672909003100,1604,sub-login,200,OK,NormalLoginFlow 1-4,text,true,,341,261,10,10,https://testapi.logiqids.com/v2/sub-user/login/,1604,0,500
1672909003193,2503,sub-login,200,OK,NormalLoginFlow 1-5,text,true,,341,259,10,10,https://testapi.logiqids.com/v2/sub-user/login/,2503,0,410
1672909003024,3708,sub-login,200,OK,NormalLoginFlow 1-3,text,true,,341,267,10,10,https://testapi.logiqids.com/v2/sub-user/login/,3708,0,578
1672909003545,4209,sub-login,200,OK,NormalLoginFlow 1-9,text,true,,341,260,10,10,https://testapi.logiqids.com/v2/sub-user/login/,4209,0,56
1672909003367,5307,sub-login,200,OK,NormalLoginFlow 1-7,text,true,,341,260,10,10,https://testapi.logiqids.com/v2/sub-user/login/,5307,0,237
1672909003290,5385,sub-login,200,OK,NormalLoginFlow 1-6,text,true,,341,261,10,10,https://testapi.logiqids.com/v2/sub-user/login/,5385,0,312
1672909003018,5741,sub-login,200,OK,NormalLoginFlow 1-2,text,true,,341,262,10,10,https://testapi.logiqids.com/v2/sub-user/login/,5741,0,583
1672909003021,6681,sub-login,200,OK,NormalLoginFlow 1-1,text,true,,341,259,10,10,https://testapi.logiqids.com/v2/sub-user/login/,6681,0,594
1672909003451,6255,sub-login,200,OK,NormalLoginFlow 1-8,text,true,,341,261,10,10,https://testapi.logiqids.com/v2/sub-user/login/,6255,0,163
1672909003639,6139,sub-login,200,OK,NormalLoginFlow 1-10,text,true,,341,275,10,10,https://testapi.logiqids.com/v2/sub-user/login/,6139,0,27
1672909004709,5241,sub-user,200,OK,NormalLoginFlow 1-4,text,true,,1149,521,10,10,https://testapi.logiqids.com/v2/user/662893/sub-user/,5035,0,0
1672909004709,5035,sub-user-0,301,Moved Permanently,NormalLoginFlow 1-4,text,true,,206,260,10,10,https://testapi.logiqids.com/v2/user/662893/sub-user,5035,0,0
1672909009744,206,sub-user-1,200,OK,NormalLoginFlow 1-4,text,true,,943,261,10,10,https://testapi.logiqids.com/v2/user/662893/sub-user/,206,0,0
1672909006733,3234,sub-user,200,OK,NormalLoginFlow 1-3,text,true,,1272,521,10,10,https://testapi.logiqids.com/v2/user/662979/sub-user/,3015,0,0
1672909006733,3015,sub-user-0,301,Moved Permanently,NormalLoginFlow 1-3,text,true,,206,260,10,10,https://testapi.logiqids.com/v2/user/662979/sub-user,3015,0,0
1672909009749,218,sub-user-1,200,OK,NormalLoginFlow 1-3,text,true,,1066,261,10,10,https://testapi.logiqids.com/v2/user/662979/sub-user/,218,0,0
1672909005699,4283,sub-user,200,OK,NormalLoginFlow 1-5,text,true,,2836,521,10,10,https://testapi.logiqids.com/v2/user/662889/sub-user/,4042,0,0
1672909005699,4042,sub-user-0,301,Moved Permanently,NormalLoginFlow 1-5,text,true,,206,260,10,10,https://testapi.logiqids.com/v2/user/662889/sub-user,4042,0,0
1672909009743,239,sub-user-1,200,OK,NormalLoginFlow 1-5,text,true,,2630,261,10,10,https://testapi.logiqids.com/v2/user/662889/sub-user/,239,0,0
1672909008675,1399,sub-user,200,OK,NormalLoginFlow 1-7,text,true,,749,521,10,10,https://testapi.logiqids.com/v2/user/663328/sub-user/,1078,0,0
1672909008675,1078,sub-user-0,301,Moved Permanently,NormalLoginFlow 1-7,text,true,,206,260,10,10,https://testapi.logiqids.com/v2/user/663328/sub-user,1078,0,0
1672909009753,321,sub-user-1,200,OK,NormalLoginFlow 1-7,text,true,,543,261,10,10,https://testapi.logiqids.com/v2/user/663328/sub-user/,321,0,0
1672909009703,612,sub-user,200,OK,NormalLoginFlow 1-1,text,true,,1182,521,10,10,https://testapi.logiqids.com/v2/user/662943/sub-user/,53,0,0
1672909009703,53,sub-user-0,301,Moved Permanently,NormalLoginFlow 1-1,text,true,,206,260,10,10,https://testapi.logiqids.com/v2/user/662943/sub-user,53,0,0
1672909009756,559,sub-user-1,200,OK,NormalLoginFlow 1-1,text,true,,976,261,10,10,https://testapi.logiqids.com/v2/user/662943/sub-user/,558,0,0
1672909008676,1726,sub-user,200,OK,NormalLoginFlow 1-6,text,true,,7609,521,10,10,https://testapi.logiqids.com/v2/user/663377/sub-user/,1076,0,0
1672909008676,1076,sub-user-0,301,Moved Permanently,NormalLoginFlow 1-6,text,true,,206,260,10,10,https://testapi.logiqids.com/v2/user/663377/sub-user,1076,0,0
1672909009752,650,sub-user-1,200,OK,NormalLoginFlow 1-6,text,true,,7403,261,10,10,https://testapi.logiqids.com/v2/user/663377/sub-user/,650,0,0
1672909007755,2737,sub-user,200,OK,NormalLoginFlow 1-9,text,true,,17772,521,10,10,https://testapi.logiqids.com/v2/user/663305/sub-user/,1995,0,0
1672909007755,1995,sub-user-0,301,Moved Permanently,NormalLoginFlow 1-9,text,true,,206,260,10,10,https://testapi.logiqids.com/v2/user/663305/sub-user,1995,0,0
1672909009751,741,sub-user-1,200,OK,NormalLoginFlow 1-9,text,true,,17566,261,10,10,https://testapi.logiqids.com/v2/user/663305/sub-user/,741,0,0
1672909008760,1759,sub-user,200,OK,NormalLoginFlow 1-2,text,true,,2220,521,10,10,https://testapi.logiqids.com/v2/user/663064/sub-user/,997,0,0
1672909008760,997,sub-user-0,301,Moved Permanently,NormalLoginFlow 1-2,text,true,,206,260,10,10,https://testapi.logiqids.com/v2/user/663064/sub-user,997,0,0
1672909009758,761,sub-user-1,200,OK,NormalLoginFlow 1-2,text,true,,2014,261,10,10,https://testapi.logiqids.com/v2/user/663064/sub-user/,761,0,0
1672909009707,824,sub-user,200,OK,NormalLoginFlow 1-8,text,true,,1773,521,10,10,https://testapi.logiqids.com/v2/user/663299/sub-user/,56,0,0
1672909009707,56,sub-user-0,301,Moved Permanently,NormalLoginFlow 1-8,text,true,,206,260,10,10,https://testapi.logiqids.com/v2/user/663299/sub-user,56,0,0
1672909009763,768,sub-user-1,200,OK,NormalLoginFlow 1-8,text,true,,1567,261,10,10,https://testapi.logiqids.com/v2/user/663299/sub-user/,768,0,0
1672909009951,764,userProfile,200,OK,NormalLoginFlow 1-4,text,true,,1365,260,10,10,https://testapi.logiqids.com/v1/user/662898/profile/,764,0,0
1672909009968,799,userProfile,200,OK,NormalLoginFlow 1-3,text,true,,1370,260,10,10,https://testapi.logiqids.com/v1/user/663008/profile/,799,0,0
1672909009983,796,userProfile,200,OK,NormalLoginFlow 1-5,text,true,,1366,260,10,10,https://testapi.logiqids.com/v1/user/662956/profile/,792,0,0
1672909010076,868,userProfile,200,OK,NormalLoginFlow 1-7,text,true,,1377,260,10,10,https://testapi.logiqids.com/v1/user/663329/profile/,868,0,0
1672909010315,634,userProfile,200,OK,NormalLoginFlow 1-1,text,true,,1360,260,10,10,https://testapi.logiqids.com/v1/user/662945/profile/,634,0,0
1672909010403,574,userProfile,200,OK,NormalLoginFlow 1-6,text,true,,1363,260,10,10,https://testapi.logiqids.com/v1/user/663379/profile/,574,0,0
1672909010493,586,userProfile,200,OK,NormalLoginFlow 1-9,text,true,,1403,260,10,10,https://testapi.logiqids.com/v1/user/663306/profile/,586,0,0
1672909010520,586,userProfile,200,OK,NormalLoginFlow 1-2,text,true,,1366,260,10,10,https://testapi.logiqids.com/v1/user/663065/profile/,586,0,0
1672909010716,422,getTestState,200,OK,NormalLoginFlow 1-4,text,true,,248,263,10,10,https://testapi.logiqids.com/v2/user/662898/test_state/,422,0,0
1672909010767,408,getTestState,200,OK,NormalLoginFlow 1-3,text,true,,248,263,10,10,https://testapi.logiqids.com/v2/user/663008/test_state/,408,0,0
1672909009779,1406,sub-user,200,OK,NormalLoginFlow 1-10,text,true,,3538,521,10,10,https://testapi.logiqids.com/v2/user/661097/sub-user/,715,0,0
1672909009779,715,sub-user-0,301,Moved Permanently,NormalLoginFlow 1-10,text,true,,206,260,10,10,https://testapi.logiqids.com/v2/user/661097/sub-user,715,0,0
1672909010494,691,sub-user-1,200,OK,NormalLoginFlow 1-10,text,true,,3332,261,10,10,https://testapi.logiqids.com/v2/user/661097/sub-user/,690,0,0
1672909010532,679,userProfile,200,OK,NormalLoginFlow 1-8,text,true,,1426,260,10,10,https://testapi.logiqids.com/v1/user/663300/profile/,679,0,0
1672909010779,434,getTestState,200,OK,NormalLoginFlow 1-5,text,true,,248,263,10,10,https://testapi.logiqids.com/v2/user/662956/test_state/,434,0,0
1672909010944,274,getTestState,200,OK,NormalLoginFlow 1-7,text,true,,248,263,10,10,https://testapi.logiqids.com/v2/user/663329/test_state/,274,0,0
1672909010949,295,getTestState,200,OK,NormalLoginFlow 1-1,text,true,,248,263,10,10,https://testapi.logiqids.com/v2/user/662945/test_state/,294,0,0
1672909010977,269,getTestState,200,OK,NormalLoginFlow 1-6,text,true,,248,263,10,10,https://testapi.logiqids.com/v2/user/663379/test_state/,269,0,0
1672909011079,174,getTestState,200,OK,NormalLoginFlow 1-9,text,true,,248,263,10,10,https://testapi.logiqids.com/v2/user/663306/test_state/,174,0,0
1672909011107,187,getTestState,200,OK,NormalLoginFlow 1-2,text,true,,248,263,10,10,https://testapi.logiqids.com/v2/user/663065/test_state/,187,0,0
1672909011139,249,get-priority,200,OK,NormalLoginFlow 1-4,text,true,,444,273,10,10,https://testapi.logiqids.com/v3/user/662898/gamification/content/,249,0,0
1672909011176,218,get-priority,200,OK,NormalLoginFlow 1-3,text,true,,442,273,10,10,https://testapi.logiqids.com/v3/user/663008/gamification/content/,218,0,0
1672909011185,213,userProfile,200,OK,NormalLoginFlow 1-10,text,true,,1408,260,10,10,https://testapi.logiqids.com/v1/user/661141/profile/,213,0,0
1672909011212,212,getTestState,200,OK,NormalLoginFlow 1-8,text,true,,248,263,10,10,https://testapi.logiqids.com/v2/user/663300/test_state/,211,0,0
1672909011221,333,get-priority,200,OK,NormalLoginFlow 1-7,text,true,,442,273,10,10,https://testapi.logiqids.com/v3/user/663329/gamification/content/,333,0,0
1672909011244,317,get-priority,200,OK,NormalLoginFlow 1-1,text,true,,445,273,10,10,https://testapi.logiqids.com/v3/user/662945/gamification/content/,317,0,0
1672909011213,350,get-priority,200,OK,NormalLoginFlow 1-5,text,true,,443,273,10,10,https://testapi.logiqids.com/v3/user/662956/gamification/content/,350,0,0
1672909011294,424,get-priority,200,OK,NormalLoginFlow 1-2,text,true,,442,273,10,10,https://testapi.logiqids.com/v3/user/663065/gamification/content/,424,0,0
1672909011246,474,get-priority,200,OK,NormalLoginFlow 1-6,text,true,,442,273,10,10,https://testapi.logiqids.com/v3/user/663379/gamification/content/,473,0,0
1672909011253,468,get-priority,200,OK,NormalLoginFlow 1-9,text,true,,442,273,10,10,https://testapi.logiqids.com/v3/user/663306/gamification/content/,468,0,0
1672909011399,339,getTestState,200,OK,NormalLoginFlow 1-10,text,true,,248,263,10,10,https://testapi.logiqids.com/v2/user/661141/test_state/,339,0,0
1672909011389,397,updateModal,200,OK,NormalLoginFlow 1-4,text,true,,1281,260,10,10,https://testapi.logiqids.com/v1/user/662898/updates/,397,0,0
1672909011395,400,updateModal,200,OK,NormalLoginFlow 1-3,text,true,,1281,260,10,10,https://testapi.logiqids.com/v1/user/663008/updates/,400,0,0
1672909011555,288,updateModal,200,OK,NormalLoginFlow 1-7,text,true,,1281,260,10,10,https://testapi.logiqids.com/v1/user/663329/updates/,288,0,0
1672909011562,299,updateModal,200,OK,NormalLoginFlow 1-1,text,true,,1281,260,10,10,https://testapi.logiqids.com/v1/user/662945/updates/,299,0,0
1672909011424,454,get-priority,200,OK,NormalLoginFlow 1-8,text,true,,442,273,10,10,https://testapi.logiqids.com/v3/user/663300/gamification/content/,453,0,0
1672909011564,352,updateModal,200,OK,NormalLoginFlow 1-5,text,true,,1281,260,10,10,https://testapi.logiqids.com/v1/user/662956/updates/,352,0,0
1672909011719,215,updateModal,200,OK,NormalLoginFlow 1-2,text,true,,1281,260,10,10,https://testapi.logiqids.com/v1/user/663065/updates/,215,0,0
1672909011720,247,updateModal,200,OK,NormalLoginFlow 1-6,text,true,,1281,260,10,10,https://testapi.logiqids.com/v1/user/663379/updates/,247,0,0
1672909011721,257,updateModal,200,OK,NormalLoginFlow 1-9,text,true,,1281,260,10,10,https://testapi.logiqids.com/v1/user/663306/updates/,257,0,0
1672909011786,228,menu,200,OK,NormalLoginFlow 1-4,text,true,,519,257,10,10,https://testapi.logiqids.com/v1/user/662898/menu/,228,0,0
1672909011796,230,menu,200,OK,NormalLoginFlow 1-3,text,true,,519,257,10,10,https://testapi.logiqids.com/v1/user/663008/menu/,230,0,0
1672909011844,213,menu,200,OK,NormalLoginFlow 1-7,text,true,,519,257,10,10,https://testapi.logiqids.com/v1/user/663329/menu/,213,0,0
1672909011862,211,menu,200,OK,NormalLoginFlow 1-1,text,true,,519,257,10,10,https://testapi.logiqids.com/v1/user/662945/menu/,211,0,0
1672909011739,368,get-priority,200,OK,NormalLoginFlow 1-10,text,true,,446,273,10,10,https://testapi.logiqids.com/v3/user/661141/gamification/content/,368,0,0
1672909011917,201,menu,200,OK,NormalLoginFlow 1-5,text,true,,519,257,10,10,https://testapi.logiqids.com/v1/user/662956/menu/,201,0,0
1672909011878,250,updateModal,200,OK,NormalLoginFlow 1-8,text,true,,1281,260,10,10,https://testapi.logiqids.com/v1/user/663300/updates/,250,0,0
1672909011934,222,menu,200,OK,NormalLoginFlow 1-2,text,true,,519,257,10,10,https://testapi.logiqids.com/v1/user/663065/menu/,222,0,0
1672909011968,193,menu,200,OK,NormalLoginFlow 1-6,text,true,,519,257,10,10,https://testapi.logiqids.com/v1/user/663379/menu/,193,0,0
1672909011978,196,menu,200,OK,NormalLoginFlow 1-9,text,true,,519,257,10,10,https://testapi.logiqids.com/v1/user/663306/menu/,196,0,0
1672909012014,305,referral_page,200,OK,NormalLoginFlow 1-4,text,true,,17712,266,10,10,https://testapi.logiqids.com/v1/user/662898/referral/page/,305,0,0
1672909012027,296,referral_page,200,OK,NormalLoginFlow 1-3,text,true,,17709,266,10,10,https://testapi.logiqids.com/v1/user/663008/referral/page/,295,0,0
1672909012058,295,referral_page,200,OK,NormalLoginFlow 1-7,text,true,,17715,266,10,10,https://testapi.logiqids.com/v1/user/663329/referral/page/,295,0,0
1672909012073,310,referral_page,200,OK,NormalLoginFlow 1-1,text,true,,17709,266,10,10,https://testapi.logiqids.com/v1/user/662945/referral/page/,310,0,0
1672909012108,281,updateModal,200,OK,NormalLoginFlow 1-10,text,true,,1281,260,10,10,https://testapi.logiqids.com/v1/user/661141/updates/,281,0,0
1672909012119,305,referral_page,200,OK,NormalLoginFlow 1-5,text,true,,17709,266,10,10,https://testapi.logiqids.com/v1/user/662956/referral/page/,305,0,0
1672909012129,303,menu,200,OK,NormalLoginFlow 1-8,text,true,,519,257,10,10,https://testapi.logiqids.com/v1/user/663300/menu/,303,0,0
1672909012156,301,referral_page,200,OK,NormalLoginFlow 1-2,text,true,,17709,266,10,10,https://testapi.logiqids.com/v1/user/663065/referral/page/,301,0,0
1672909012161,316,referral_page,200,OK,NormalLoginFlow 1-6,text,true,,17712,266,10,10,https://testapi.logiqids.com/v1/user/663379/referral/page/,316,0,0
1672909012174,318,referral_page,200,OK,NormalLoginFlow 1-9,text,true,,17715,266,10,10,https://testapi.logiqids.com/v1/user/663306/referral/page/,318,0,0
1672909012320,260,olympiadTestCard,200,OK,NormalLoginFlow 1-4,text,true,,1627,266,10,10,https://testapi.logiqids.com/v1/user/662898/web/dashboard/,260,0,0
1672909012323,277,olympiadTestCard,200,OK,NormalLoginFlow 1-3,text,true,,1628,266,10,10,https://testapi.logiqids.com/v1/user/663008/web/dashboard/,277,0,0
1672909012354,257,olympiadTestCard,200,OK,NormalLoginFlow 1-7,text,true,,1628,266,10,10,https://testapi.logiqids.com/v1/user/663329/web/dashboard/,257,0,0
1672909012389,250,menu,200,OK,NormalLoginFlow 1-10,text,true,,519,257,10,10,https://testapi.logiqids.com/v1/user/661141/menu/,250,0,0
1672909012383,313,olympiadTestCard,200,OK,NormalLoginFlow 1-1,text,true,,1629,266,10,10,https://testapi.logiqids.com/v1/user/662945/web/dashboard/,313,0,0
1672909012433,265,referral_page,200,OK,NormalLoginFlow 1-8,text,true,,17715,266,10,10,https://testapi.logiqids.com/v1/user/663300/referral/page/,265,0,0
1672909012425,313,olympiadTestCard,200,OK,NormalLoginFlow 1-5,text,true,,1629,266,10,10,https://testapi.logiqids.com/v1/user/662956/web/dashboard/,313,0,0
1672909012458,359,olympiadTestCard,200,OK,NormalLoginFlow 1-2,text,true,,1628,266,10,10,https://testapi.logiqids.com/v1/user/663065/web/dashboard/,359,0,0
1672909012478,341,olympiadTestCard,200,OK,NormalLoginFlow 1-6,text,true,,1629,266,10,10,https://testapi.logiqids.com/v1/user/663379/web/dashboard/,341,0,0
1672909012601,251,dashboardUpsell,200,OK,NormalLoginFlow 1-3,text,true,,263,269,10,10,https://testapi.logiqids.com/v1/user/663008/dashboard/upsell/,251,0,0
1672909012580,273,dashboardUpsell,200,OK,NormalLoginFlow 1-4,text,true,,263,269,10,10,https://testapi.logiqids.com/v1/user/662898/dashboard/upsell/,273,0,0
1672909012492,362,olympiadTestCard,200,OK,NormalLoginFlow 1-9,text,true,,1628,266,10,10,https://testapi.logiqids.com/v1/user/663306/web/dashboard/,362,0,0
1672909012611,275,dashboardUpsell,200,OK,NormalLoginFlow 1-7,text,true,,263,269,10,10,https://testapi.logiqids.com/v1/user/663329/dashboard/upsell/,275,0,0
1672909012697,192,dashboardUpsell,200,OK,NormalLoginFlow 1-1,text,true,,263,269,10,10,https://testapi.logiqids.com/v1/user/662945/dashboard/upsell/,192,0,0
1672909012640,271,referral_page,200,OK,NormalLoginFlow 1-10,text,true,,17715,266,10,10,https://testapi.logiqids.com/v1/user/661141/referral/page/,270,0,0
1672909012738,186,dashboardUpsell,200,OK,NormalLoginFlow 1-5,text,true,,263,269,10,10,https://testapi.logiqids.com/v1/user/662956/dashboard/upsell/,186,0,0
1672909012818,126,dashboardUpsell,200,OK,NormalLoginFlow 1-2,text,true,,263,269,10,10,https://testapi.logiqids.com/v1/user/663065/dashboard/upsell/,126,0,0
1672909012820,139,dashboardUpsell,200,OK,NormalLoginFlow 1-6,text,true,,263,269,10,10,https://testapi.logiqids.com/v1/user/663379/dashboard/upsell/,139,0,0
1672909012853,114,checkLQLiveUpsell,200,OK,NormalLoginFlow 1-3,text,true,,278,274,10,10,https://testapi.logiqids.com/v3/user/663008/lqlive/dismiss-upsell/,114,0,0
1672909012853,127,checkLQLiveUpsell,200,OK,NormalLoginFlow 1-4,text,true,,278,274,10,10,https://testapi.logiqids.com/v3/user/662898/lqlive/dismiss-upsell/,127,0,0
1672909012855,149,dashboardUpsell,200,OK,NormalLoginFlow 1-9,text,true,,263,269,10,10,https://testapi.logiqids.com/v1/user/663306/dashboard/upsell/,149,0,0
1672909012887,125,checkLQLiveUpsell,200,OK,NormalLoginFlow 1-7,text,true,,278,274,10,10,https://testapi.logiqids.com/v3/user/663329/lqlive/dismiss-upsell/,125,0,0
1672909012698,318,olympiadTestCard,200,OK,NormalLoginFlow 1-8,text,true,,1628,266,10,10,https://testapi.logiqids.com/v1/user/663300/web/dashboard/,318,0,0
1672909012890,134,checkLQLiveUpsell,200,OK,NormalLoginFlow 1-1,text,true,,278,274,10,10,https://testapi.logiqids.com/v3/user/662945/lqlive/dismiss-upsell/,134,0,0
1672909012924,115,checkLQLiveUpsell,200,OK,NormalLoginFlow 1-5,text,true,,278,274,10,10,https://testapi.logiqids.com/v3/user/662956/lqlive/dismiss-upsell/,115,0,0
1672909012944,102,checkLQLiveUpsell,200,OK,NormalLoginFlow 1-2,text,true,,278,274,10,10,https://testapi.logiqids.com/v3/user/663065/lqlive/dismiss-upsell/,102,0,0
1672909012959,106,checkLQLiveUpsell,200,OK,NormalLoginFlow 1-6,text,true,,278,274,10,10,https://testapi.logiqids.com/v3/user/663379/lqlive/dismiss-upsell/,105,0,0
1672909012967,106,moengageAttributes,200,OK,NormalLoginFlow 1-3,text,true,,246,272,10,10,https://testapi.logiqids.com/v4/user/663008/moengage/attributes/,105,0,0
1672909012981,109,moengageAttributes,200,OK,NormalLoginFlow 1-4,text,true,,246,272,10,10,https://testapi.logiqids.com/v4/user/662898/moengage/attributes/,109,0,0
1672909013005,88,checkLQLiveUpsell,200,OK,NormalLoginFlow 1-9,text,true,,278,274,10,10,https://testapi.logiqids.com/v3/user/663306/lqlive/dismiss-upsell/,88,0,0
1672909013012,93,moengageAttributes,200,OK,NormalLoginFlow 1-7,text,true,,246,272,10,10,https://testapi.logiqids.com/v4/user/663329/moengage/attributes/,93,0,0
1672909013025,96,moengageAttributes,200,OK,NormalLoginFlow 1-1,text,true,,246,272,10,10,https://testapi.logiqids.com/v4/user/662945/moengage/attributes/,96,0,0
1672909013016,116,dashboardUpsell,200,OK,NormalLoginFlow 1-8,text,true,,263,269,10,10,https://testapi.logiqids.com/v1/user/663300/dashboard/upsell/,116,0,0
1672909013040,99,moengageAttributes,200,OK,NormalLoginFlow 1-5,text,true,,246,272,10,10,https://testapi.logiqids.com/v4/user/662956/moengage/attributes/,99,0,0
1672909012911,229,olympiadTestCard,200,OK,NormalLoginFlow 1-10,text,true,,1628,266,10,10,https://testapi.logiqids.com/v1/user/661141/web/dashboard/,229,0,0
1672909013047,100,moengageAttributes,200,OK,NormalLoginFlow 1-2,text,true,,246,272,10,10,https://testapi.logiqids.com/v4/user/663065/moengage/attributes/,100,0,0
1672909013065,87,moengageAttributes,200,OK,NormalLoginFlow 1-6,text,true,,246,272,10,10,https://testapi.logiqids.com/v4/user/663379/moengage/attributes/,87,0,0
1672909013094,75,moengageAttributes,200,OK,NormalLoginFlow 1-9,text,true,,246,272,10,10,https://testapi.logiqids.com/v4/user/663306/moengage/attributes/,75,0,0
1672909013073,273,extras,200,OK,NormalLoginFlow 1-3,text,true,,1167,258,10,10,https://testapi.logiqids.com/v1/user/663008/extra/,273,0,0
1672909013091,265,extras,200,OK,NormalLoginFlow 1-4,text,true,,1167,258,10,10,https://testapi.logiqids.com/v1/user/662898/extra/,265,0,0
1672909013107,249,extras,200,OK,NormalLoginFlow 1-7,text,true,,1170,258,10,10,https://testapi.logiqids.com/v1/user/663329/extra/,249,0,0
1672909013133,244,checkLQLiveUpsell,200,OK,NormalLoginFlow 1-8,text,true,,278,274,10,10,https://testapi.logiqids.com/v3/user/663300/lqlive/dismiss-upsell/,243,0,0
1672909013141,273,dashboardUpsell,200,OK,NormalLoginFlow 1-10,text,true,,263,269,10,10,https://testapi.logiqids.com/v1/user/661141/dashboard/upsell/,273,0,0
1672909013122,420,extras,200,OK,NormalLoginFlow 1-1,text,true,,1166,258,10,10,https://testapi.logiqids.com/v1/user/662945/extra/,420,0,0
1672909013139,419,extras,200,OK,NormalLoginFlow 1-5,text,true,,1163,258,10,10,https://testapi.logiqids.com/v1/user/662956/extra/,419,0,0
1672909013148,458,extras,200,OK,NormalLoginFlow 1-2,text,true,,1168,258,10,10,https://testapi.logiqids.com/v1/user/663065/extra/,457,0,0
1672909013152,570,extras,200,OK,NormalLoginFlow 1-6,text,true,,1168,258,10,10,https://testapi.logiqids.com/v1/user/663379/extra/,570,0,0
1672909013169,560,extras,200,OK,NormalLoginFlow 1-9,text,true,,1170,258,10,10,https://testapi.logiqids.com/v1/user/663306/extra/,560,0,0
1672909013346,432,getResults,200,OK,NormalLoginFlow 1-3,text,true,,6009,265,10,10,https://testapi.logiqids.com/v1/user/663008/test/results/,432,0,0
1672909013377,434,moengageAttributes,200,OK,NormalLoginFlow 1-8,text,true,,246,272,10,10,https://testapi.logiqids.com/v4/user/663300/moengage/attributes/,433,0,0
1672909013415,426,checkLQLiveUpsell,200,OK,NormalLoginFlow 1-10,text,true,,278,274,10,10,https://testapi.logiqids.com/v3/user/661141/lqlive/dismiss-upsell/,426,0,0
1672909013357,581,getResults,200,OK,NormalLoginFlow 1-4,text,true,,5984,265,10,10,https://testapi.logiqids.com/v1/user/662898/test/results/,581,0,0
1672909013357,585,getResults,200,OK,NormalLoginFlow 1-7,text,true,,5962,265,10,10,https://testapi.logiqids.com/v1/user/663329/test/results/,585,0,0
1672909013542,509,getResults,200,OK,NormalLoginFlow 1-1,text,true,,6033,265,10,10,https://testapi.logiqids.com/v1/user/662945/test/results/,509,0,0
1672909013606,587,getResults,200,OK,NormalLoginFlow 1-2,text,true,,6003,265,10,10,https://testapi.logiqids.com/v1/user/663065/test/results/,587,0,0
1672909013558,641,getResults,200,OK,NormalLoginFlow 1-5,text,true,,5887,265,10,10,https://testapi.logiqids.com/v1/user/662956/test/results/,641,0,0
1672909013722,539,getResults,200,OK,NormalLoginFlow 1-6,text,true,,6005,265,10,10,https://testapi.logiqids.com/v1/user/663379/test/results/,539,0,0
1672909013729,632,getResults,200,OK,NormalLoginFlow 1-9,text,true,,5983,265,10,10,https://testapi.logiqids.com/v1/user/663306/test/results/,632,0,0
1672909013841,544,moengageAttributes,200,OK,NormalLoginFlow 1-10,text,true,,246,272,10,10,https://testapi.logiqids.com/v4/user/661141/moengage/attributes/,544,0,0
1672909013811,630,extras,200,OK,NormalLoginFlow 1-8,text,true,,1170,258,10,10,https://testapi.logiqids.com/v1/user/663300/extra/,630,0,0
1672909013779,678,testLeaderboard,200,OK,NormalLoginFlow 1-3,text,true,,9228,269,10,10,https://testapi.logiqids.com/v1/user/662945/test/leaderboard/,678,0,0
1672909013939,705,testLeaderboard,200,OK,NormalLoginFlow 1-4,text,true,,9228,269,10,10,https://testapi.logiqids.com/v1/user/662945/test/leaderboard/,705,0,0
1672909014051,669,testLeaderboard,200,OK,NormalLoginFlow 1-1,text,true,,9228,269,10,10,https://testapi.logiqids.com/v1/user/662945/test/leaderboard/,669,0,0
1672909013943,778,testLeaderboard,200,OK,NormalLoginFlow 1-7,text,true,,9228,269,10,10,https://testapi.logiqids.com/v1/user/662945/test/leaderboard/,778,0,0
1672909014194,721,testLeaderboard,200,OK,NormalLoginFlow 1-2,text,true,,9228,269,10,10,https://testapi.logiqids.com/v1/user/662945/test/leaderboard/,721,0,0
1672909014199,792,testLeaderboard,200,OK,NormalLoginFlow 1-5,text,true,,9228,269,10,10,https://testapi.logiqids.com/v1/user/662945/test/leaderboard/,792,0,0
1672909014261,732,testLeaderboard,200,OK,NormalLoginFlow 1-6,text,true,,9228,269,10,10,https://testapi.logiqids.com/v1/user/662945/test/leaderboard/,732,0,0
1672909014361,831,testLeaderboard,200,OK,NormalLoginFlow 1-9,text,true,,9228,269,10,10,https://testapi.logiqids.com/v1/user/662945/test/leaderboard/,831,0,0
1672909014442,750,getResults,200,OK,NormalLoginFlow 1-8,text,true,,6013,265,10,10,https://testapi.logiqids.com/v1/user/663300/test/results/,750,0,0
1672909014385,810,extras,200,OK,NormalLoginFlow 1-10,text,true,,1169,258,10,10,https://testapi.logiqids.com/v1/user/661141/extra/,810,0,0
1672909014458,752,getQuestionsSummary,200,OK,NormalLoginFlow 1-3,text,true,,311,274,10,10,https://testapi.logiqids.com/v1/user/663008/test/question-summary/,751,0,0
1672909014720,496,getQuestionsSummary,200,OK,NormalLoginFlow 1-1,text,true,,311,274,10,10,https://testapi.logiqids.com/v1/user/662945/test/question-summary/,496,0,0
1672909014644,571,getQuestionsSummary,200,OK,NormalLoginFlow 1-4,text,true,,311,274,10,10,https://testapi.logiqids.com/v1/user/662898/test/question-summary/,570,0,0
1672909014915,311,getQuestionsSummary,200,OK,NormalLoginFlow 1-2,text,true,,311,274,10,10,https://testapi.logiqids.com/v1/user/663065/test/question-summary/,311,0,0
1672909014722,506,getQuestionsSummary,200,OK,NormalLoginFlow 1-7,text,true,,311,274,10,10,https://testapi.logiqids.com/v1/user/663329/test/question-summary/,506,0,0
1672909014991,241,getQuestionsSummary,200,OK,NormalLoginFlow 1-5,text,true,,311,274,10,10,https://testapi.logiqids.com/v1/user/662956/test/question-summary/,241,0,0
1672909015192,51,getQuestionsSummary,200,OK,NormalLoginFlow 1-9,text,true,,311,274,10,10,https://testapi.logiqids.com/v1/user/663306/test/question-summary/,51,0,0
1672909014994,255,getQuestionsSummary,200,OK,NormalLoginFlow 1-6,text,true,,311,274,10,10,https://testapi.logiqids.com/v1/user/663379/test/question-summary/,255,0,0
1672909015198,215,getResults,200,OK,NormalLoginFlow 1-10,text,true,,5843,265,10,10,https://testapi.logiqids.com/v1/user/661141/test/results/,215,0,0
1672909015192,294,testLeaderboard,200,OK,NormalLoginFlow 1-8,text,true,,9228,269,10,10,https://testapi.logiqids.com/v1/user/662945/test/leaderboard/,294,0,0
1672909015210,303,getQuestionWiseAnalysis,200,OK,NormalLoginFlow 1-3,text,true,,29530,272,10,10,https://testapi.logiqids.com/v1/user/663008/test/results/report/,302,0,0
1672909015218,469,getQuestionWiseAnalysis,200,OK,NormalLoginFlow 1-1,text,true,,29531,272,10,10,https://testapi.logiqids.com/v1/user/662945/test/results/report/,468,0,0
1672909015226,532,getQuestionWiseAnalysis,200,OK,NormalLoginFlow 1-4,text,true,,29530,272,10,10,https://testapi.logiqids.com/v1/user/662898/test/results/report/,532,0,0
1672909015227,559,getQuestionWiseAnalysis,200,OK,NormalLoginFlow 1-2,text,true,,29530,272,10,10,https://testapi.logiqids.com/v1/user/663065/test/results/report/,557,0,0
1672909015230,719,getQuestionWiseAnalysis,200,OK,NormalLoginFlow 1-7,text,true,,29531,272,10,10,https://testapi.logiqids.com/v1/user/663329/test/results/report/,719,0,0
1672909015233,805,getQuestionWiseAnalysis,200,OK,NormalLoginFlow 1-5,text,true,,29531,272,10,10,https://testapi.logiqids.com/v1/user/662956/test/results/report/,804,0,0
1672909015245,809,getQuestionWiseAnalysis,200,OK,NormalLoginFlow 1-9,text,true,,29530,272,10,10,https://testapi.logiqids.com/v1/user/663306/test/results/report/,808,0,0
1672909015487,583,getQuestionsSummary,200,OK,NormalLoginFlow 1-8,text,true,,311,274,10,10,https://testapi.logiqids.com/v1/user/663300/test/question-summary/,583,0,0
1672909015513,564,test-state,200,OK,NormalLoginFlow 1-3,text,true,,310,274,10,10,https://testapi.logiqids.com/v3/user/test-tab/,564,0,0
1672909015688,395,test-state,200,OK,NormalLoginFlow 1-1,text,true,,310,274,9,9,https://testapi.logiqids.com/v3/user/test-tab/,395,0,0
1672909015759,331,test-state,200,OK,NormalLoginFlow 1-4,text,true,,310,274,8,8,https://testapi.logiqids.com/v3/user/test-tab/,331,0,0
1672909015787,310,test-state,200,OK,NormalLoginFlow 1-2,text,true,,310,274,7,7,https://testapi.logiqids.com/v3/user/test-tab/,310,0,0
1672909015950,152,test-state,200,OK,NormalLoginFlow 1-7,text,true,,310,274,6,6,https://testapi.logiqids.com/v3/user/test-tab/,152,0,0
1672909016039,71,test-state,200,OK,NormalLoginFlow 1-5,text,true,,310,274,5,5,https://testapi.logiqids.com/v3/user/test-tab/,71,0,0
1672909016054,65,test-state,200,OK,NormalLoginFlow 1-9,text,true,,310,274,4,4,https://testapi.logiqids.com/v3/user/test-tab/,65,0,0
1672909015250,968,getQuestionWiseAnalysis,200,OK,NormalLoginFlow 1-6,text,true,,29530,272,3,3,https://testapi.logiqids.com/v1/user/663379/test/results/report/,968,0,0
1672909016220,9,test-state,200,OK,NormalLoginFlow 1-6,text,true,,310,274,3,3,https://testapi.logiqids.com/v3/user/test-tab/,9,0,0
1672909015414,859,testLeaderboard,200,OK,NormalLoginFlow 1-10,text,true,,9228,269,2,2,https://testapi.logiqids.com/v1/user/662945/test/leaderboard/,859,0,0
1672909016274,10,getQuestionsSummary,200,OK,NormalLoginFlow 1-10,text,true,,311,274,2,2,https://testapi.logiqids.com/v1/user/661141/test/question-summary/,10,0,0
1672909016070,270,getQuestionWiseAnalysis,200,OK,NormalLoginFlow 1-8,text,true,,29531,272,2,2,https://testapi.logiqids.com/v1/user/663300/test/results/report/,270,0,0
1672909016341,3,test-state,200,OK,NormalLoginFlow 1-8,text,true,,310,274,2,2,https://testapi.logiqids.com/v3/user/test-tab/,3,0,0
1672909016285,137,getQuestionWiseAnalysis,200,OK,NormalLoginFlow 1-10,text,true,,29530,272,1,1,https://testapi.logiqids.com/v1/user/661141/test/results/report/,136,0,0
1672909016422,4,test-state,200,OK,NormalLoginFlow 1-10,text,true,,310,274,1,1,https://testapi.logiqids.com/v3/user/test-tab/,4,0,0
